{"filesMd5":[{"page":"/config/index.js","md5":"de954a9d797c5157124136f5c7d86f18"},{"page":"/mediator/index.js","md5":"d6e8177b5052317fe6d253f170c74220"},{"page":"/pages/demo/bmcalendar/index.js","md5":"5bcf11d2187c5f2a1f0678429774251f"},{"page":"/pages/demo/assets/index.js","md5":"5ce5c05924e460c90a11240641e6d9d1"},{"page":"/pages/demo/bmchart/index.js","md5":"a909c896d1192d95479024f232cbebc3"},{"page":"/pages/demo/bmrichtext/index.js","md5":"3b0ff30ace17e76327e5920fe1843f92"},{"page":"/pages/demo/coms/index.js","md5":"eb31c92ee894929e7b9253a5c5c93117"},{"page":"/pages/demo/event/b.js","md5":"3c86cdb166e557a859b632a32d886d11"},{"page":"/pages/demo/event/a.js","md5":"5b0e9451a57c7ad23b50fa1237ebadb3"},{"page":"/pages/demo/font/index.js","md5":"d118bda902abc8fea4bf1a7cf3d29d4d"},{"page":"/pages/demo/globalAttr/index.js","md5":"a5d024437440b3436640c0f829717990"},{"page":"/pages/demo/index.js","md5":"88f1c5c5aea7c7f095d69d1d03046589"},{"page":"/pages/demo/image/index.js","md5":"d1c834d1dcfc93a8258e4d3e5d0878d9"},{"page":"/pages/demo/inputExtend/index.js","md5":"a960b4f954796c9b497e4a6d3088b5e3"},{"page":"/pages/demo/lifecycle/index.js","md5":"a37b2eb8dea29d9c53ccc869b91c85d6"},{"page":"/pages/demo/navigator/index.js","md5":"2e65cb1373e363d50a3510a12278885f"},{"page":"/pages/demo/notice/index.js","md5":"8ac3553ece3b27bac20e8b054f2efb46"},{"page":"/pages/demo/other/waterfall.js","md5":"75c41bb605356161802cab21bb34b01c"},{"page":"/pages/demo/other/weex-ui/tab-page/index.js","md5":"c34e98ac80f391360fbd932874462a91"},{"page":"/pages/demo/refresh/index.js","md5":"785abc67e86461cf22d0d29a151eb87c"},{"page":"/pages/demo/router/home.js","md5":"6437ac0f15f16a24c3be8e8165368b50"},{"page":"/pages/demo/router/index.js","md5":"b0c027756b67f26cbfa5959796a4a1ae"},{"page":"/pages/demo/storage/index.js","md5":"d33847e5c93659a287f70d40aed54839"},{"page":"/pages/demo/tools/index.js","md5":"81ee2ba17faf819f9bd59e7076cf7dcc"},{"page":"/pages/penpi/deliver/selectPlace/index.js","md5":"92663e509fb24a3d1552e621ddcddde0"},{"page":"/pages/penpi/deliver/index.js","md5":"fe143ec52f7b4ec0a55fed188bdcdf49"},{"page":"/pages/penpi/deliver/sendOrder/index.js","md5":"0fe379df9b312b1e951568bd79a38e48"},{"page":"/pages/penpi/login/index.js","md5":"4208e172dea4ae349bff2ab3d64100c9"},{"page":"/pages/penpi/me/historyItem/history.js","md5":"e76df7639b7a72e544cf31a91f938ef5"},{"page":"/pages/penpi/index.js","md5":"c25e31133b5daf88c1f877427b4dfe12"},{"page":"/pages/penpi/me/payItem/pay.js","md5":"e7e300286aef75e196e9fb81fc5717d1"},{"page":"/pages/penpi/me/logisticsItem/logistics.js","md5":"1f637e4faf0c847d0bb84d29f0b62068"},{"page":"/pages/penpi/me/index.js","md5":"e8ff29f151bcd6d47ed23f01b20a84cc"},{"page":"/pages/penpi/me/noteItem/note.js","md5":"92a56053c5d1cb4f54a3e98e5d362c12"},{"page":"/pages/penpi/me/pickItem/pickOrder.js","md5":"07392a5c76caef1348c0bdb29f2dc13f"},{"page":"/pages/penpi/me/profileItem/profile.js","md5":"7c5d99b9053d3149f81a806f86a9d9c7"},{"page":"/pages/penpi/me/setItem/setting.js","md5":"45d7f3c86596e52f723b6c7bf81eeaf3"},{"page":"/pages/penpi/me/publishItem/publishOrder.js","md5":"5ab81b24123f7db717a21554119a6975"},{"page":"/pages/penpi/me/topicItem/isConcernedTopic.js","md5":"b9848d4a4c1185c5917c22f35e3075b4"},{"page":"/pages/penpi/notice/index.js","md5":"4b9d157bf310de1aff7874cab8f6045f"},{"page":"/pages/penpi/me/signItem/sign.js","md5":"e1fd4d0e1da6b3b4ba4c98af9cff374f"},{"page":"/pages/penpi/topic/createNote/index.js","md5":"a02b4f5a8845057b709d640f40fa43bb"},{"page":"/pages/penpi/topic/createTopic/index.js","md5":"8cf1d9bd1cc9334b9db23e30b84d00e7"},{"page":"/pages/penpi/topic/index.js","md5":"a3766f6e63d85ee22c478d850cdc8244"},{"page":"/pages/penpi/topic/noteDetail/index.js","md5":"b118b464794d5972c033bb0a39fcacb5"},{"page":"/pages/penpi/topic/commentDetail/index.js","md5":"35051fd49750f34bd109d6727ffa598b"},{"page":"/pages/penpi/topic/search/index.js","md5":"28b03ec30323e8bb5ba83ef595080724"},{"page":"/pages/test/map-test.js","md5":"ca088908efb21ecb102e083c1677c384"},{"page":"/pages/penpi/topic/topicDetail/index.js","md5":"c0f2715606a114e8c1dda357ad4b8f87"},{"page":"/pages/test/weex-ui.js","md5":"3f8d681d04351db06f5aa4f2ad9361b9"},{"page":"/iconfont/iconfont-eros.ttf","md5":"68780fad0047dc5b02cb613ebb08cda1"},{"page":"/iconfont/iconfont.ttf","md5":"180451be8894b72b3e430c483e016672"},{"page":"/assets/beauty.jpg","md5":"7949d3321ce6b0d0b9982d6f15d9c937"},{"page":"/assets/demo.jpg","md5":"332c4e7d5398207c1b49750369a72848"},{"page":"/assets/mitu1.jpg","md5":"8921a1cdad9d18d9ca3005b3462bcbef"},{"page":"/assets/mitu2.jpg","md5":"ef10dc88cc7c3c9538ccd434844a319c"},{"page":"/assets/mitu4.jpg","md5":"f0fa373511038fe8393f53228f771dc9"},{"page":"/assets/mitu5.jpg","md5":"490764a5cede20c062d315ff81ba7f05"},{"page":"/assets/mitu6.jpg","md5":"f4ab5a029bed26e1282ad32a718bb865"},{"page":"/assets/no-data.png","md5":"d728a84c726c966db214b207b59ab879"},{"page":"/assets/scenery.jpg","md5":"3ee8838b055a5e98ae9336bd77df9a85"}],"android":"1.0.0","iOS":"1.0.0","appName":"penpi-app","jsVersion":"5bb2e0e36bae465a4b169a81c676309f","timestamp":1527134146135,"jsPath":"https://app.weex-eros.com/source"}
